Aktivitetstype,Dato,Favoritt,Tittel,Distanse,Totale kalorier,Tid,Gjennomsnittlig puls,Makspuls,Aerob treningseffekt,Gjennomsnittlig frekvens for løping,Maksimal frekvens for løping,Gjennomsnittlig tempo,Beste tempo,Total stigning,Totalt fall,Gjennomsnittlig skrittlengde,Gjennomsnittlig vertikalt forholdstall,Gjennomsnittlig vertikal oscillasjon,Gjennomsnittlig tid med bakkekontakt,Gj.sn. TMB-balanse,Training Stress Score®,Totalt antall tak,Gjennomsnittlig Swolf,Gjennomsnittlig tempo for tak,Skritt,Dekompresjon,Beste rundetid,Antall runder,Tid i bevegelse,Medgått tid,Minste høyde,Maksimal høyde
Løping,2026-08-27 18:47:09,false,"Copenhagen Løping","5,24","291","00:19:52","146","181","3,0","174","182","3:48","3:22","20","18","1,52","--","--","--","--","0,0","--","--","--","3.438","Nei","00:00:54,9","6","00:19:51","00:19:52","5","29"
Løping,2026-08-25 17:51:27,false,"Copenhagen Løping","7,50","432","00:37:13","131","166","2,5","165","233","4:58","3:24","12","16","1,22","--","--","--","--","0,0","--","--","--","6.072","Nei","00:00:34,6","9","00:37:06","00:41:42","8","17"
Løping,2026-08-23 08:12:11,false,"Løping","0,01","--","00:00:10,5","93","94","1,0","118","118","25:38","12:04","--","--","0,33","--","--","--","--","0,0","--","--","--","12","Nei","00:00:10,5","1","00:00:06","00:00:10,5","30","30"
Løping,2026-08-21 09:49:14,false,"Rangárþing Ytra Løping","9,89","958","03:08:17","87","150","1,3","109","226","19:03","9:39","321","275","0,48","--","--","--","--","0,0","--","--","--","14.696","Nei","00:12:04","10","02:18:28","03:09:35","592","832"
Løping,2026-08-20 17:09:14,false,"Rangárþing Ytra Løping","6,86","763","01:56:14","112","167","1,8","118","247","16:57","2:28","195","196","0,50","--","--","--","--","0,0","--","--","--","10.508","Nei","00:12:59","7","01:40:11","01:56:14","591","776"
Basseng,2026-08-18 07:34:45,false,"Basseng","1.500","329","01:03:09","--","--","--","--","--","1:48","1:26","--","--","--","--","--","--","--","0,0","501","36","21","--","Nei","00:00:02,4","36","00:26:01","01:03:55","--","--"
Løping,2026-08-16 13:54:14,false,"Copenhagen Løping","15,40","915","01:25:45","132","156","2,7","166","177","5:34","4:16","51","54","1,08","--","--","--","--","0,0","--","--","--","13.800","Nei","00:02:08,2","16","01:23:37","01:28:02","9","33"
Løping,2026-08-15 13:02:41,false,"Copenhagen Løping","0,38","26","00:02:44,4","115","133","1,1","162","170","7:13","5:37","--","5","0,86","--","--","--","--","0,0","--","--","--","378","Nei","00:02:44,4","1","00:02:19","00:02:44,4","14","20"
Løping,2026-08-14 17:21:20,false,"Copenhagen Løping","7,42","408","00:42:26","121","143","2,0","162","173","5:43","4:55","39","39","1,08","--","--","--","--","0,0","--","--","--","6.844","Nei","00:02:20,0","8","00:42:24","00:50:34","8","25"
Løping,2026-08-11 18:53:33,false,"Rødovre Løping","8,30","483","00:41:03","137","165","3,1","166","233","4:57","3:43","2","2","1,25","7,5","9,6","254","50,8 % V / 49,2 % H","0,0","--","--","--","6.430","Nei","00:00:22,8","17","00:37:59","00:43:08","12","14"
Løping,2026-08-10 19:29:09,false,"Copenhagen Løping","7,51","412","00:40:25","129","141","2,1","163","174","5:23","4:59","14","14","1,14","--","--","--","--","0,0","--","--","--","6.514","Nei","00:02:49,3","8","00:40:13","00:42:36","8","17"
Sykling,2026-07-18 18:32:42,false,"Bergen Sykling","31,14","702","01:02:04","134","163","2,7","--","--","30,1","58,5","327","323","--","--","--","--","--","0,0","--","--","--","--","Nei","00:02:42,2","7","01:01:55","01:03:15","--","80"
Løping,2026-07-18 08:39:01,false,"Bergen Løping","13,87","1.440","01:50:08","151","201","5,0","140","240","7:56","4:19","722","731","0,88","--","--","--","--","0,0","--","--","--","15.154","Nei","00:05:13,2","14","01:47:45","01:54:27","28","560"
Sykling,2026-07-17 17:46:13,false,"Bergen Sykling","21,75","628","00:47:46","144","169","3,3","--","--","27,3","53,9","367","370","--","--","--","--","--","0,0","--","--","--","--","Nei","00:03:50,3","5","00:47:40","00:47:46","54","311"
Løping,2026-07-12 10:16:57,false,"Lom Løping","35,20","3.565","06:15:27","129","173","3,9","139","250","10:40","5:24","1.178","1.412","0,67","--","--","--","--","0,0","--","--","--","46.216","Nei","00:01:55,7","36","05:47:27","08:27:49","1.003","1.636"
Løping,2026-07-11 08:39:50,false,"Vågå Løping","41,27","4.529","09:02:07","126","185","3,8","124","248","13:08","4:36","1.548","1.321","0,61","--","--","--","--","0,0","--","--","--","50.222","Nei","00:00:09,7","44","07:35:32","10:11:24","979","1.766"
Løping,2026-06-30 08:37:34,false,"Copenhagen Løping","6,40","382","00:35:12","123","150","2,0","166","176","5:30","4:53","45","47","1,09","--","--","--","--","0,0","--","--","--","5.810","Nei","00:02:10,2","7","00:35:09","00:37:37","2","40"
Løping,2026-06-28 09:30:17,false,"Hvidovre Løping","21,20","1.568","01:36:20","159","177","5,0","173","226","4:33","4:01","58","61","1,28","7,6","9,9","232","50,7 % V / 49,3 % H","0,0","--","--","--","16.408","Nei","00:00:52,6","22","01:35:37","01:36:45","'-3","13"
Løping,2026-06-27 18:07:24,false,"Copenhagen Løping","3,38","278","00:20:24","138","170","2,7","168","180","6:02","4:21","22","5","0,99","--","--","--","--","0,0","--","--","--","2.918","Nei","00:01:55,7","4","00:17:23","00:21:05","'-9","30"
Løping,2026-06-27 13:12:23,false,"Copenhagen Løping","5,02","336","00:26:19","131","149","2,5","167","175","5:14","4:41","1","17","1,13","8,6","9,7","258","50,9 % V / 49,1 % H","0,0","--","--","--","4.352","Nei","00:00:07,6","6","00:26:13","00:27:06","2","21"
Løping,2026-06-24 17:40:15,false,"Copenhagen Løping","14,68","995","01:15:51","143","170","4,0","165","236","5:10","3:42","65","66","1,16","8,0","9,4","256","50,6 % V / 49,4 % H","0,0","--","--","--","12.240","Nei","00:00:36,6","18","01:14:20","01:20:04","0","65"
Løping,2026-06-20 10:03:05,false,"Oslo Løping","22,16","1.523","02:00:34","143","168","3,4","170","249","5:26","3:51","375","386","1,07","8,6","9,4","255","50,3 % V / 49,7 % H","0,0","--","--","--","10.102","Nei","00:00:49,1","23","02:00:19","02:16:45","43","372"
Løping,2026-06-19 16:42:04,false,"Oslo Løping","12,00","799","01:01:53","144","172","3,9","166","256","5:09","3:35","97","100","1,16","7,8","9,1","254","50,3 % V / 49,7 % H","0,0","--","--","--","9.166","Nei","00:00:10,6","19","01:00:00","01:06:52","44","99"
Løping,2026-06-17 21:07:23,false,"Copenhagen Løping","5,28","362","00:29:35","131","156","2,3","165","214","5:36","4:50","44","42","1,08","--","--","--","--","0,0","--","--","--","4.730","Nei","00:01:42,0","6","00:28:47","00:33:40","13","40"
Løping,2026-06-14 12:38:35,false,"Copenhagen Løping","16,02","1.112","01:21:41","141","176","4,4","169","232","5:06","3:45","105","101","1,14","8,6","9,9","254","50,4 % V / 49,6 % H","0,0","--","--","--","13.714","Nei","00:00:21,0","17","01:21:38","01:29:34","6","28"
Basseng,2026-06-13 11:54:47,false,"Basseng","2.000","479","00:46:56","--","--","--","--","--","1:50","1:26","--","--","--","--","--","--","--","0,0","767","37","21","--","Nei","00:00:02,4","16","00:36:48","00:47:40","--","--"
Løping,2026-06-12 18:47:16,false,"Copenhagen Løping","9,96","394","00:55:19","128","138","1,0","164","175","5:33","4:50","23","26","1,09","9,1","10,1","269","50,3 % V / 49,7 % H","0,0","--","--","--","7.128","Nei","00:05:21,5","10","00:55:12","00:57:40","7","20"
Løping,2026-06-07 13:19:41,false,"Copenhagen Løping","14,79","929","01:24:09","129","146","2,8","165","256","5:41","4:11","51","46","1,06","9,1","9,9","264","50,1 % V / 49,9 % H","0,0","--","--","--","13.690","Nei","00:04:19,3","15","01:23:29","01:25:43","--","33"
Løping,2026-06-06 16:12:48,false,"Copenhagen Løping","17,02","1.195","01:20:26","147","168","4,3","169","226","4:44","4:06","39","42","1,24","7,9","10,0","251","50,5 % V / 49,5 % H","0,0","--","--","--","13.470","Nei","00:00:09,1","18","01:20:15","01:22:52","'-4","21"
Basseng,2026-06-05 17:05:46,false,"Basseng","1.500","342","00:36:56","--","--","--","--","--","1:58","1:25","--","--","--","--","--","--","--","0,0","530","39","19","--","Nei","00:00:28,2","12","00:29:30","00:37:33","--","--"
Løping,2026-06-05 16:45:54,false,"Copenhagen Løping","2,26","165","00:12:17","131","144","2,0","164","172","5:26","4:58","1","14","1,13","--","--","--","--","0,0","--","--","--","1.986","Nei","00:01:15,7","3","00:12:16","00:13:00","4","19"
Løping,2026-06-03 18:56:14,false,"Rødovre Løping","13,38","938","01:08:41","150","175","4,3","167","256","5:08","3:15","13","11","1,26","7,1","9,0","251","49,6 % V / 50,4 % H","0,0","--","--","--","7.562","Nei","00:00:41,9","45","00:59:32","01:13:48","12","14"
Basseng,2026-06-02 17:59:21,false,"Basseng","2.025","528","00:48:47","--","--","--","--","--","1:49","1:20","--","--","--","--","--","--","--","0,0","683","36","20","--","Nei","00:00:00,6","40","00:36:48","00:50:47","--","--"
Løping,2026-05-31 14:25:18,false,"Copenhagen Løping","20,77","1.173","01:55:44","133","161","3,0","169","256","5:34","4:38","97","97","1,05","8,7","9,4","258","50,3 % V / 49,7 % H","0,0","--","--","--","19.360","Nei","00:03:44,0","21","01:55:34","02:04:47","--","28"
Basseng,2026-05-30 10:18:10,false,"Basseng","3.000","735","01:29:27","--","--","1,0","--","--","1:54","1:27","--","--","--","--","--","--","--","0,0","1172","38","21","--","Nei","00:00:17,1","26","00:56:49","01:31:34","--","--"
Løping,2026-05-28 16:58:50,false,"Copenhagen Løping","8,71","552","00:48:53","132","153","2,3","166","256","5:37","4:31","38","40","1,08","9,1","9,9","256","49,7 % V / 50,3 % H","0,0","--","--","--","7.838","Nei","00:03:31,7","9","00:47:44","00:55:44","'-0","20"
Løping,2026-05-26 19:05:17,false,"Copenhagen Løping","13,72","831","01:06:08","144","170","3,7","165","181","4:49","3:37","242","214","1,23","7,7","9,6","245","50,0 % V / 50,0 % H","0,0","--","--","--","9.400","Nei","00:00:25,2","17","01:05:49","01:08:35","'-22","28"
Løping,2026-05-24 11:43:34,false,"Copenhagen Løping","13,01","792","01:11:48","134","147","2,6","162","228","5:31","4:40","72","72","1,11","9,1","10,2","267","50,3 % V / 49,7 % H","0,0","--","--","--","11.530","Nei","00:00:01,9","14","01:11:29","01:13:40","'-0","29"
Løping,2026-05-21 20:05:59,false,"Rødovre Løping","2,44","80","00:13:06","140","149","1,0","169","175","5:23","4:58","7","3","1,09","8,1","9,2","259","50,0 % V / 50,0 % H","0,0","--","--","--","36","Nei","00:02:21,9","3","00:13:06","00:13:06","11","22"
Løping,2026-05-21 19:00:56,false,"Copenhagen Løping","11,00","579","00:56:51","137","174","3,0","166","240","5:10","3:29","17","21","1,18","7,6","9,0","257","50,1 % V / 49,9 % H","0,0","--","--","--","9.012","Nei","00:00:22,1","18","00:53:07","01:02:08","6","18"
Løping,2026-05-19 17:34:56,false,"Copenhagen Løping","11,03","628","00:57:34","136","155","3,0","164","174","5:13","4:39","67","68","1,15","8,6","10,1","250","50,2 % V / 49,8 % H","0,0","--","--","--","8.456","Nei","00:00:02,6","13","00:57:28","01:01:10","11","29"
Basseng,2026-05-18 17:20:26,false,"Basseng","1.600","396","00:39:13","--","--","--","--","--","1:48","1:25","--","--","--","--","--","--","--","0,0","610","37","21","--","Nei","00:00:01,5","26","00:28:49","00:39:50","--","--"
Løping,2026-05-03 08:58:44,false,"Oume City Løping","12,11","1.160","03:47:26","104","147","1,4","108","250","18:46","4:57","1.404","962","0,49","--","--","--","--","0,0","--","--","--","18.576","Nei","00:01:30,6","13","03:10:21","04:02:27","443","1.244"
Løping,2026-04-26 08:33:59,false,"Hamburg Løping","42,49","2.347","03:12:19","160","172","5,0","172","184","4:32","3:55","166","164","1,27","7,4","9,7","232","50,4 % V / 49,6 % H","0,0","--","--","--","32.974","Nei","00:02:05,8","43","03:12:11","03:12:19","1","46"
Løping,2026-04-25 10:51:50,false,"Hamburg Løping","5,24","263","00:32:55","117","142","2,0","163","256","6:17","4:11","173","172","0,99","9,9","9,7","270","50,1 % V / 49,9 % H","0,0","--","--","--","5.176","Nei","00:02:09,2","6","00:32:12","00:37:46","7","156"
Løping,2026-04-21 19:05:41,false,"Copenhagen Løping","9,32","378","00:45:18","132","149","3,2","167","256","4:52","4:12","18","16","1,23","8,0","10,0","241","49,5 % V / 50,5 % H","0,0","--","--","--","7.478","Nei","00:01:03,1","11","00:45:13","00:48:44","8","17"
Løping,2026-04-20 20:32:02,false,"Copenhagen Løping","4,91","208","00:26:52","129","166","2,6","162","171","5:29","5:01","18","20","1,13","--","--","--","--","0,0","--","--","--","4.372","Nei","00:04:49,5","5","00:26:26","00:30:09","11","26"
Løping,2026-04-18 12:47:38,false,"Copenhagen Løping","16,80","899","01:22:30","135","163","3,3","169","192","4:55","3:58","--","--","1,21","8,1","9,9","242","50,7 % V / 49,3 % H","0,0","--","--","--","13.870","Nei","00:03:36,2","17","01:22:21","01:23:47","6.893","6.893"
Løping,2026-04-11 13:28:14,false,"Copenhagen Løping","5,00","268","00:28:49","128","143","1,9","158","207","5:46","4:21","--","--","1,11","9,6","10,3","266","50,0 % V / 50,0 % H","0,0","--","--","--","4.510","Nei","00:00:01,3","6","00:28:04","00:30:11","6.893","6.893"
Løping,2026-04-05 10:19:38,false,"Frederikssund Løping","32,50","1.915","02:42:13","154","173","4,7","168","179","4:59","4:10","--","--","1,20","--","--","--","--","0,0","--","--","--","27.136","Nei","00:02:43,9","33","02:41:57","02:50:16","'-3","6.893"
Løping,2026-04-04 18:51:03,false,"Frederikssund Løping","0,01","--","00:00:27,9","--","--","--","--","--","51:07","--","--","--","--","--","--","--","--","0,0","--","--","--","--","Nei","00:00:01,3","2","00:00:00","00:00:28,6","'-24","6.893"
Løping,2026-04-02 11:00:41,false,"Copenhagen Løping","10,01","541","00:54:50","127","138","2,4","163","173","5:29","5:03","--","--","1,12","--","--","--","--","0,0","--","--","--","8.970","Nei","00:00:08,1","11","00:54:45","00:56:46","14","6.893"
Løping,2026-04-01 17:42:02,false,"Copenhagen Løping","19,49","1.094","01:31:12","152","169","5,0","167","177","4:41","3:55","--","--","1,28","--","--","--","--","0,0","--","--","--","15.238","Nei","00:02:39,8","20","01:31:05","01:33:27","9","11.184"
Løping,2026-03-30 18:57:07,false,"Copenhagen Løping","11,67","619","01:05:54","131","160","2,8","166","176","5:39","4:13","--","--","1,07","--","--","--","--","0,0","--","--","--","10.906","Nei","00:03:29,7","12","01:05:40","01:08:46","6.893","6.893"
Løping,2026-03-28 12:04:40,false,"Copenhagen Løping","25,06","1.423","02:08:37","145","171","4,7","168","179","5:08","2:57","--","--","1,16","--","--","--","--","0,0","--","--","--","21.606","Nei","00:00:45,1","26","02:08:23","02:18:32","6.893","6.893"
Løping,2026-03-21 13:43:50,false,"Copenhagen Løping","29,84","1.588","02:34:11","136","165","3,8","169","177","5:10","3:19","--","--","1,15","--","--","--","--","0,0","--","--","--","25.984","Nei","00:04:31,0","30","02:33:40","02:46:27","6.893","6.893"
Løping,2026-03-15 08:25:29,false,"Saalbach-Hinterglemm Løping","25,72","1.292","02:14:46","136","163","4,2","166","183","5:14","4:10","--","--","1,15","--","--","--","--","0,0","--","--","--","22.352","Nei","00:04:16,9","26","02:14:08","02:18:46","1.100","6.893"
Løping,2026-03-14 05:53:31,false,"Saalbach-Hinterglemm Løping","7,71","437","00:49:40","129","161","3,2","160","183","6:26","5:07","--","--","0,97","--","--","--","--","0,0","--","--","--","7.978","Nei","00:03:47,4","8","00:49:32","00:58:47","6.893","6.893"
Løping,2026-03-08 10:20:23,false,"Copenhagen Løping","22,07","952","01:55:11","134","150","3,3","165","211","5:13","4:36","--","--","1,16","--","--","--","--","0,0","--","--","--","18.998","Nei","00:00:21,8","23","01:55:02","02:07:12","41","6.893"
Løping,2026-03-05 17:05:30,false,"Copenhagen Løping","8,89","364","00:48:32","122","132","2,2","161","196","5:28","4:31","--","--","1,13","--","--","--","--","0,0","--","--","--","7.834","Nei","00:04:49,5","9","00:48:25","00:53:11","6.893","6.893"
